{
  "timestamp": "2025-09-05 11:12:15.302967",
  "long_stocks": 24,
  "short_stocks": 25,
  "long_short_ratio": 0.96,
  "bullish_percent": 48.97959183673469,
  "market_sentiment": "bearish"
}