{
  "timestamp": "2025-09-08 13:09:03.918592",
  "long_stocks": 54,
  "short_stocks": 30,
  "long_short_ratio": 1.8,
  "bullish_percent": 64.28571428571429,
  "market_sentiment": "bullish"
}