{
  "timestamp": "2025-09-08 12:39:01.546823",
  "long_stocks": 43,
  "short_stocks": 32,
  "long_short_ratio": 1.34375,
  "bullish_percent": 57.333333333333336,
  "market_sentiment": "bullish"
}