{
  "timestamp": "2025-09-03 13:46:54.931818",
  "long_stocks": 53,
  "short_stocks": 36,
  "long_short_ratio": 1.4722222222222223,
  "bullish_percent": 59.55056179775281,
  "market_sentiment": "bullish"
}