{
  "timestamp": "2025-09-08 12:08:58.888426",
  "long_stocks": 47,
  "short_stocks": 27,
  "long_short_ratio": 1.7407407407407407,
  "bullish_percent": 63.51351351351351,
  "market_sentiment": "bullish"
}