{
  "timestamp": "2025-09-04 12:10:44.165296",
  "long_stocks": 34,
  "short_stocks": 76,
  "long_short_ratio": 0.4473684210526316,
  "bullish_percent": 30.909090909090907,
  "market_sentiment": "bearish"
}