{
  "timestamp": "2025-09-04 10:45:37.762768",
  "long_stocks": 24,
  "short_stocks": 68,
  "long_short_ratio": 0.35294117647058826,
  "bullish_percent": 26.08695652173913,
  "market_sentiment": "bearish"
}