{
  "timestamp": "2025-09-04 11:45:42.308014",
  "long_stocks": 27,
  "short_stocks": 87,
  "long_short_ratio": 0.3103448275862069,
  "bullish_percent": 23.684210526315788,
  "market_sentiment": "bearish"
}