{
  "timestamp": "2025-09-08 10:35:11.543798",
  "long_stocks": 28,
  "short_stocks": 22,
  "long_short_ratio": 1.2727272727272727,
  "bullish_percent": 56.00000000000001,
  "market_sentiment": "bullish"
}