{
  "timestamp": "2025-09-03 14:36:57.757089",
  "long_stocks": 11,
  "short_stocks": 4,
  "long_short_ratio": 2.75,
  "bullish_percent": 73.33333333333333,
  "market_sentiment": "bullish"
}