{
  "timestamp": "2025-09-03 09:41:39.368061",
  "long_stocks": 47,
  "short_stocks": 15,
  "long_short_ratio": 3.1333333333333333,
  "bullish_percent": 75.80645161290323,
  "market_sentiment": "bullish"
}