{
  "timestamp": "2025-09-04 14:45:55.535566",
  "long_stocks": 37,
  "short_stocks": 94,
  "long_short_ratio": 0.39361702127659576,
  "bullish_percent": 28.24427480916031,
  "market_sentiment": "bearish"
}