{
  "timestamp": "2025-09-04 09:40:32.926987",
  "long_stocks": 26,
  "short_stocks": 48,
  "long_short_ratio": 0.5416666666666666,
  "bullish_percent": 35.13513513513514,
  "market_sentiment": "bearish"
}