{
  "timestamp": "2025-09-05 12:12:19.501923",
  "long_stocks": 19,
  "short_stocks": 34,
  "long_short_ratio": 0.5588235294117647,
  "bullish_percent": 35.84905660377358,
  "market_sentiment": "bearish"
}