{
  "timestamp": "2025-09-05 12:42:21.878573",
  "long_stocks": 16,
  "short_stocks": 36,
  "long_short_ratio": 0.4444444444444444,
  "bullish_percent": 30.76923076923077,
  "market_sentiment": "bearish"
}