{
  "timestamp": "2025-09-03 13:11:52.768312",
  "long_stocks": 52,
  "short_stocks": 29,
  "long_short_ratio": 1.793103448275862,
  "bullish_percent": 64.19753086419753,
  "market_sentiment": "bullish"
}