{
  "timestamp": "2025-09-02 14:11:10.487666",
  "long_stocks": 30,
  "short_stocks": 70,
  "long_short_ratio": 0.42857142857142855,
  "bullish_percent": 30.0,
  "market_sentiment": "bearish"
}