{
  "timestamp": "2025-09-04 12:40:46.538141",
  "long_stocks": 31,
  "short_stocks": 86,
  "long_short_ratio": 0.36046511627906974,
  "bullish_percent": 26.495726495726498,
  "market_sentiment": "bearish"
}