{
  "timestamp": "2025-09-05 14:12:27.943020",
  "long_stocks": 40,
  "short_stocks": 16,
  "long_short_ratio": 2.5,
  "bullish_percent": 71.42857142857143,
  "market_sentiment": "bullish"
}