{
  "timestamp": "2025-09-08 14:39:10.263094",
  "long_stocks": 49,
  "short_stocks": 31,
  "long_short_ratio": 1.5806451612903225,
  "bullish_percent": 61.25000000000001,
  "market_sentiment": "bullish"
}