{
  "timestamp": "2025-09-05 09:37:08.348124",
  "long_stocks": 48,
  "short_stocks": 7,
  "long_short_ratio": 6.857142857142857,
  "bullish_percent": 87.27272727272727,
  "market_sentiment": "bullish"
}