{
  "timestamp": "2025-09-02 13:26:07.371711",
  "long_stocks": 51,
  "short_stocks": 22,
  "long_short_ratio": 2.3181818181818183,
  "bullish_percent": 69.86301369863014,
  "market_sentiment": "bullish"
}