{
  "timestamp": "2025-09-05 10:42:13.248551",
  "long_stocks": 30,
  "short_stocks": 21,
  "long_short_ratio": 1.4285714285714286,
  "bullish_percent": 58.82352941176471,
  "market_sentiment": "bullish"
}