{
  "timestamp": "2025-09-02 13:46:08.740028",
  "long_stocks": 45,
  "short_stocks": 41,
  "long_short_ratio": 1.0975609756097562,
  "bullish_percent": 52.32558139534884,
  "market_sentiment": "bullish"
}