{
  "timestamp": "2025-09-05 15:12:32.085481",
  "long_stocks": 36,
  "short_stocks": 31,
  "long_short_ratio": 1.1612903225806452,
  "bullish_percent": 53.73134328358209,
  "market_sentiment": "bullish"
}