{
  "timestamp": "2025-09-04 11:15:40.028328",
  "long_stocks": 30,
  "short_stocks": 74,
  "long_short_ratio": 0.40540540540540543,
  "bullish_percent": 28.846153846153843,
  "market_sentiment": "bearish"
}