{
  "timestamp": "2025-09-05 14:42:29.777619",
  "long_stocks": 37,
  "short_stocks": 21,
  "long_short_ratio": 1.7619047619047619,
  "bullish_percent": 63.793103448275865,
  "market_sentiment": "bullish"
}