{
  "timestamp": "2025-08-28 12:36:25.589513",
  "long_stocks": 6,
  "short_stocks": 15,
  "long_short_ratio": 0.4,
  "bullish_percent": 28.57142857142857,
  "market_sentiment": "bearish"
}