{
  "timestamp": "2025-09-08 10:03:50.788313",
  "long_stocks": 32,
  "short_stocks": 14,
  "long_short_ratio": 2.2857142857142856,
  "bullish_percent": 69.56521739130434,
  "market_sentiment": "bullish"
}