{
  "timestamp": "2025-09-03 10:41:43.477442",
  "long_stocks": 54,
  "short_stocks": 24,
  "long_short_ratio": 2.25,
  "bullish_percent": 69.23076923076923,
  "market_sentiment": "bullish"
}