{
  "timestamp": "2025-09-04 09:15:31.105988",
  "long_stocks": 76,
  "short_stocks": 28,
  "long_short_ratio": 2.7142857142857144,
  "bullish_percent": 73.07692307692307,
  "market_sentiment": "bullish"
}