{
  "timestamp": "2025-09-03 09:16:37.436674",
  "long_stocks": 55,
  "short_stocks": 58,
  "long_short_ratio": 0.9482758620689655,
  "bullish_percent": 48.67256637168141,
  "market_sentiment": "bearish"
}