{
  "timestamp": "2025-08-28 12:57:32.220218",
  "long_stocks": 6,
  "short_stocks": 16,
  "long_short_ratio": 0.375,
  "bullish_percent": 27.27272727272727,
  "market_sentiment": "bearish"
}