{
  "timestamp": "2025-09-08 11:33:56.402963",
  "long_stocks": 44,
  "short_stocks": 31,
  "long_short_ratio": 1.4193548387096775,
  "bullish_percent": 58.666666666666664,
  "market_sentiment": "bullish"
}