{
  "timestamp": "2025-09-03 14:16:56.688637",
  "long_stocks": 63,
  "short_stocks": 29,
  "long_short_ratio": 2.1724137931034484,
  "bullish_percent": 68.47826086956522,
  "market_sentiment": "bullish"
}