{
  "timestamp": "2025-09-05 11:42:17.276390",
  "long_stocks": 26,
  "short_stocks": 23,
  "long_short_ratio": 1.1304347826086956,
  "bullish_percent": 53.06122448979592,
  "market_sentiment": "bullish"
}