{
  "timestamp": "2025-09-05 09:17:06.677232",
  "long_stocks": 37,
  "short_stocks": 110,
  "long_short_ratio": 0.33636363636363636,
  "bullish_percent": 25.170068027210885,
  "market_sentiment": "bearish"
}