{
  "timestamp": "2025-08-26 13:18:11.374365",
  "long_stocks": 14,
  "short_stocks": 47,
  "long_short_ratio": 0.2978723404255319,
  "bullish_percent": 22.950819672131146,
  "market_sentiment": "bearish"
}