{
  "timestamp": "2025-09-05 13:47:26.438512",
  "long_stocks": 30,
  "short_stocks": 22,
  "long_short_ratio": 1.3636363636363635,
  "bullish_percent": 57.692307692307686,
  "market_sentiment": "bullish"
}