{
  "timestamp": "2025-09-04 10:15:35.346769",
  "long_stocks": 26,
  "short_stocks": 38,
  "long_short_ratio": 0.6842105263157895,
  "bullish_percent": 40.625,
  "market_sentiment": "bearish"
}