{
  "timestamp": "2025-09-08 13:44:06.240819",
  "long_stocks": 43,
  "short_stocks": 37,
  "long_short_ratio": 1.162162162162162,
  "bullish_percent": 53.75,
  "market_sentiment": "bullish"
}