{
  "timestamp": "2025-09-04 13:10:48.615975",
  "long_stocks": 38,
  "short_stocks": 76,
  "long_short_ratio": 0.5,
  "bullish_percent": 33.33333333333333,
  "market_sentiment": "bearish"
}