{
  "timestamp": "2025-09-05 10:07:10.706801",
  "long_stocks": 62,
  "short_stocks": 6,
  "long_short_ratio": 10.333333333333334,
  "bullish_percent": 91.17647058823529,
  "market_sentiment": "bullish"
}