{
  "timestamp": "2025-09-03 12:16:49.415523",
  "long_stocks": 59,
  "short_stocks": 25,
  "long_short_ratio": 2.36,
  "bullish_percent": 70.23809523809523,
  "market_sentiment": "bullish"
}