{
  "timestamp": "2025-09-08 09:15:06.013298",
  "long_stocks": 38,
  "short_stocks": 30,
  "long_short_ratio": 1.2666666666666666,
  "bullish_percent": 55.88235294117647,
  "market_sentiment": "bullish"
}