{
  "timestamp": "2025-09-05 13:12:23.895219",
  "long_stocks": 17,
  "short_stocks": 37,
  "long_short_ratio": 0.4594594594594595,
  "bullish_percent": 31.48148148148148,
  "market_sentiment": "bearish"
}