{
  "timestamp": "2025-09-02 15:11:14.256278",
  "long_stocks": 48,
  "short_stocks": 49,
  "long_short_ratio": 0.9795918367346939,
  "bullish_percent": 49.48453608247423,
  "market_sentiment": "bearish"
}