{
  "timestamp": "2025-09-03 15:17:00.142948",
  "long_stocks": 78,
  "short_stocks": 23,
  "long_short_ratio": 3.391304347826087,
  "bullish_percent": 77.22772277227723,
  "market_sentiment": "bullish"
}