{
  "timestamp": "2025-09-03 11:16:45.614422",
  "long_stocks": 48,
  "short_stocks": 30,
  "long_short_ratio": 1.6,
  "bullish_percent": 61.53846153846154,
  "market_sentiment": "bullish"
}