{
  "timestamp": "2025-09-03 12:46:51.290597",
  "long_stocks": 56,
  "short_stocks": 22,
  "long_short_ratio": 2.5454545454545454,
  "bullish_percent": 71.7948717948718,
  "market_sentiment": "bullish"
}