{
  "timestamp": "2025-09-08 11:05:13.639468",
  "long_stocks": 30,
  "short_stocks": 40,
  "long_short_ratio": 0.75,
  "bullish_percent": 42.857142857142854,
  "market_sentiment": "bearish"
}