{
  "timestamp": "2025-09-02 14:46:12.805862",
  "long_stocks": 43,
  "short_stocks": 59,
  "long_short_ratio": 0.7288135593220338,
  "bullish_percent": 42.15686274509804,
  "market_sentiment": "bearish"
}