{
  "timestamp": "2025-09-04 14:15:53.424387",
  "long_stocks": 32,
  "short_stocks": 91,
  "long_short_ratio": 0.3516483516483517,
  "bullish_percent": 26.01626016260163,
  "market_sentiment": "bearish"
}