{
  "timestamp": "2025-09-04 15:10:57.408102",
  "long_stocks": 36,
  "short_stocks": 99,
  "long_short_ratio": 0.36363636363636365,
  "bullish_percent": 26.666666666666668,
  "market_sentiment": "bearish"
}