{
  "timestamp": "2025-09-03 10:11:41.345245",
  "long_stocks": 60,
  "short_stocks": 18,
  "long_short_ratio": 3.3333333333333335,
  "bullish_percent": 76.92307692307693,
  "market_sentiment": "bullish"
}