{
  "timestamp": "2025-09-08 15:09:12.201199",
  "long_stocks": 33,
  "short_stocks": 53,
  "long_short_ratio": 0.6226415094339622,
  "bullish_percent": 38.372093023255815,
  "market_sentiment": "bearish"
}