{
  "timestamp": "2025-09-04 13:40:50.938144",
  "long_stocks": 38,
  "short_stocks": 86,
  "long_short_ratio": 0.4418604651162791,
  "bullish_percent": 30.64516129032258,
  "market_sentiment": "bearish"
}