{
  "timestamp": "2025-08-26 13:18:11.373904",
  "total_predictions": 81,
  "regime_distribution": {
    "strongly_bullish": 42,
    "choppy_bullish": 19,
    "bullish": 12,
    "neutral": 8
  },
  "avg_confidence": 1.0,
  "market_scores": {
    "mean": 0.849484462602536,
    "std": 0.9928181960920582,
    "min": 0.045454545454545456,
    "max": 5.0
  }
}