{
    "1D_Stats": {
        "Count": 100,
        "Win_Rate": 63.0,
        "Avg_Return": 14.882799536139853,
        "Median_Return": 0.9110090449378057,
        "Std_Dev": 24.085572537372457,
        "Max_Return": 92.82982587330412,
        "Min_Return": -3.7817460317460387,
        "Sharpe_Ratio": 0.6179134630512482,
        "Target1_Hit_Rate": 33.0,
        "Target2_Hit_Rate": 28.000000000000004
    },
    "3D_Stats": {
        "Count": 100,
        "Win_Rate": 67.0,
        "Avg_Return": 14.93210241543894,
        "Median_Return": 1.4936440677966127,
        "Std_Dev": 24.072508286161657,
        "Max_Return": 92.82982587330412,
        "Min_Return": -4.058024920959645,
        "Sharpe_Ratio": 0.6202969062439921,
        "Target1_Hit_Rate": 34.0,
        "Target2_Hit_Rate": 30.0
    },
    "5D_Stats": {
        "Count": 100,
        "Win_Rate": 55.00000000000001,
        "Avg_Return": 13.495838759009617,
        "Median_Return": 0.9110090449378057,
        "Std_Dev": 25.127133186786363,
        "Max_Return": 92.82982587330412,
        "Min_Return": -15.350666794588891,
        "Sharpe_Ratio": 0.537102209738224,
        "Target1_Hit_Rate": 34.0,
        "Target2_Hit_Rate": 30.0
    },
    "10D_Stats": {
        "Count": 100,
        "Win_Rate": 63.0,
        "Avg_Return": 14.551675564697963,
        "Median_Return": 2.4805378361475867,
        "Std_Dev": 24.560853730046347,
        "Max_Return": 92.82982587330412,
        "Min_Return": -8.510025904250215,
        "Sharpe_Ratio": 0.5924743384183048,
        "Target1_Hit_Rate": 34.0,
        "Target2_Hit_Rate": 32.0
    },
    "20D_Stats": {
        "Count": 100,
        "Win_Rate": 54.0,
        "Avg_Return": 13.105139038366993,
        "Median_Return": 1.334320987654325,
        "Std_Dev": 25.6059642427814,
        "Max_Return": 92.82982587330412,
        "Min_Return": -16.426507966028144,
        "Sharpe_Ratio": 0.5118002553667345,
        "Target1_Hit_Rate": 31.0,
        "Target2_Hit_Rate": 31.0
    },
    "Pattern_Stats": {
        "Early_Setup": {
            "Count": 41,
            "Avg_3D_Return": 12.843008427890481,
            "Win_Rate_3D": 63.41463414634146,
            "Avg_5D_Return": 11.67252832792227,
            "Win_Rate_5D": 51.21951219512195
        },
        "H2_Momentum_Start": {
            "Count": 9,
            "Avg_3D_Return": 9.8346328522959,
            "Win_Rate_3D": 55.55555555555556,
            "Avg_5D_Return": 8.068575439841759,
            "Win_Rate_5D": 44.44444444444444
        },
        "KC_Breakout_Watch": {
            "Count": 10,
            "Avg_3D_Return": 21.74210685997584,
            "Win_Rate_3D": 80.0,
            "Avg_5D_Return": 21.60543312535464,
            "Win_Rate_5D": 70.0
        },
        "Building_G": {
            "Count": 24,
            "Avg_3D_Return": 20.67368006615035,
            "Win_Rate_3D": 66.66666666666666,
            "Avg_5D_Return": 18.80674154445601,
            "Win_Rate_5D": 54.166666666666664
        },
        "Power_H2_Volume": {
            "Count": 8,
            "Avg_3D_Return": 12.415791765801464,
            "Win_Rate_3D": 62.5,
            "Avg_5D_Return": 8.795506470899529,
            "Win_Rate_5D": 50.0
        },
        "G_Pattern": {
            "Count": 5,
            "Avg_3D_Return": 1.0717834385980924,
            "Win_Rate_3D": 100.0,
            "Avg_5D_Return": 1.0483448614576014,
            "Win_Rate_5D": 100.0
        }
    },
    "H2_Analysis": {
        "H2_Count": 29,
        "Non_H2_Count": 71,
        "H2_Avg_Return_3D": 13.44674522170104,
        "Non_H2_Avg_Return_3D": 15.538797607247377,
        "H2_Win_Rate_3D": 68.96551724137932,
        "Non_H2_Win_Rate_3D": 66.19718309859155
    },
    "Trend_Strength_Stats": {
        "mean": {
            "Weak": 14.932102415438942,
            "Medium": NaN,
            "Strong": NaN
        },
        "count": {
            "Weak": 100,
            "Medium": 0,
            "Strong": 0
        },
        "win_rate": {
            "Weak": 67.0,
            "Medium": NaN,
            "Strong": NaN
        }
    },
    "Stop_Loss_Rate": 67.0,
    "Avg_Stop_Day": 2.074626865671642
}