{
    "holding_period_analysis": {
        "1": {
            "avg_return": 14.882799536139853,
            "win_rate": 63.0,
            "sharpe": 0.6179134630512482,
            "max_return": 92.82982587330412,
            "min_return": -3.781746031746039,
            "positive_avg": 24.419620012227114,
            "negative_avg": -1.3555704636843922
        },
        "3": {
            "avg_return": 14.93210241543894,
            "win_rate": 67.0,
            "sharpe": 0.620296906243992,
            "max_return": 92.82982587330412,
            "min_return": -4.058024920959645,
            "positive_avg": 23.24047391209247,
            "negative_avg": -1.9364094111000394
        },
        "5": {
            "avg_return": 13.495838759009617,
            "win_rate": 55.00000000000001,
            "sharpe": 0.537102209738224,
            "max_return": 92.82982587330412,
            "min_return": -15.35066679458889,
            "positive_avg": 27.804933963718778,
            "negative_avg": -3.993055380079365
        },
        "10": {
            "avg_return": 14.551675564697963,
            "win_rate": 63.0,
            "sharpe": 0.5924743384183048,
            "max_return": 92.82982587330412,
            "min_return": -8.510025904250215,
            "positive_avg": 25.1353315330544,
            "negative_avg": -3.4691440570981373
        },
        "20": {
            "avg_return": 13.105139038366993,
            "win_rate": 54.0,
            "sharpe": 0.5118002553667345,
            "max_return": 92.82982587330412,
            "min_return": -16.42650796602814,
            "positive_avg": 28.85571110503067,
            "negative_avg": -5.384662952933851
        }
    },
    "pattern_performance": {
        "Early_Setup": {
            "count": 41,
            "avg_return_3d": 12.843008427890481,
            "win_rate_3d": 63.41463414634146,
            "avg_return_5d": 11.67252832792227,
            "win_rate_5d": 51.21951219512195,
            "stop_rate": 65.85365853658537
        },
        "H2_Momentum_Start": {
            "count": 9,
            "avg_return_3d": 9.8346328522959,
            "win_rate_3d": 55.55555555555556,
            "avg_return_5d": 8.068575439841759,
            "win_rate_5d": 44.44444444444444,
            "stop_rate": 33.33333333333333
        },
        "KC_Breakout_Watch": {
            "count": 10,
            "avg_return_3d": 21.742106859975845,
            "win_rate_3d": 80.0,
            "avg_return_5d": 21.60543312535464,
            "win_rate_5d": 70.0,
            "stop_rate": 80.0
        },
        "Building_G": {
            "count": 24,
            "avg_return_3d": 20.67368006615035,
            "win_rate_3d": 66.66666666666666,
            "avg_return_5d": 18.80674154445601,
            "win_rate_5d": 54.166666666666664,
            "stop_rate": 83.33333333333334
        },
        "Power_H2_Volume": {
            "count": 8,
            "avg_return_3d": 12.415791765801462,
            "win_rate_3d": 62.5,
            "avg_return_5d": 8.795506470899529,
            "win_rate_5d": 50.0,
            "stop_rate": 50.0
        },
        "G_Pattern": {
            "count": 5,
            "avg_return_3d": 1.0717834385980924,
            "win_rate_3d": 100.0,
            "avg_return_5d": 1.0483448614576014,
            "win_rate_5d": 100.0,
            "stop_rate": 60.0
        },
        "Strong_H2_KC_Combo": {
            "count": 3,
            "avg_return_3d": 19.95351960765077,
            "win_rate_3d": 66.66666666666666,
            "avg_return_5d": 18.45704370086594,
            "win_rate_5d": 33.33333333333333,
            "stop_rate": 66.66666666666666
        }
    },
    "h2_analysis": {
        "h2_avg_return": 13.44674522170104,
        "non_h2_avg_return": 15.53879760724738,
        "h2_win_rate": 68.96551724137932,
        "non_h2_win_rate": 66.19718309859155,
        "h2_percentage": 28.999999999999996
    },
    "kc_distance_analysis": {
        "mean": {
            "Below_KC": 14.775242704115044,
            "Near_KC_0-2%": 9.506081457364873,
            "Above_KC_2-5%": 17.784941347270554,
            "Far_Above_KC_>5%": 46.10546362541695
        },
        "count": {
            "Below_KC": 57,
            "Near_KC_0-2%": 24,
            "Above_KC_2-5%": 16,
            "Far_Above_KC_>5%": 3
        },
        "win_rate": {
            "Below_KC": 64.91228070175438,
            "Near_KC_0-2%": 66.66666666666666,
            "Above_KC_2-5%": 68.75,
            "Far_Above_KC_>5%": 100.0
        }
    },
    "trend_strength_analysis": {
        "correlation": 0.11974054729518209,
        "category_performance": {
            "mean": {
                "Weak": 14.932102415438942,
                "Medium": NaN,
                "Strong": NaN
            },
            "count": {
                "Weak": 100,
                "Medium": 0,
                "Strong": 0
            },
            "win_rate": {
                "Weak": 67.0,
                "Medium": NaN,
                "Strong": NaN
            }
        }
    },
    "volume_analysis": {
        "high_volume_return": 18.339747646087016,
        "normal_volume_return": 13.328504659839849,
        "high_volume_win_rate": 71.875,
        "normal_volume_win_rate": 64.70588235294117
    },
    "stop_loss_analysis": {
        "stop_rate": 67.0,
        "avg_loss_when_stopped": 22.126470141562702,
        "avg_return_when_not_stopped": 0.32535581997553964,
        "stop_day_distribution": {
            "0.0": 51,
            "16.0": 3,
            "1.0": 3,
            "4.0": 2,
            "5.0": 2,
            "18.0": 2,
            "10.0": 1,
            "7.0": 1,
            "15.0": 1,
            "2.0": 1
        }
    },
    "entry_analysis": {
        "avg_slippage": -3.7404652787436112,
        "positive_slippage_rate": 41.0,
        "slippage_impact_on_returns": -0.774168518621748
    }
}