{
    "1D_Stats": {
        "Count": 20,
        "Win_Rate": 55.00000000000001,
        "Avg_Return": 14.183642565951496,
        "Median_Return": 0.599354190585532,
        "Std_Dev": 20.704246919527126,
        "Max_Return": 63.23291697281411,
        "Min_Return": -3.4670210195699442,
        "Sharpe_Ratio": 0.6850595735783199,
        "Target1_Hit_Rate": 35.0,
        "Target2_Hit_Rate": 30.0
    },
    "3D_Stats": {
        "Count": 20,
        "Win_Rate": 65.0,
        "Avg_Return": 14.468109518886774,
        "Median_Return": 1.3243170646308446,
        "Std_Dev": 20.451320507037604,
        "Max_Return": 63.23291697281411,
        "Min_Return": -2.8806220729875527,
        "Sharpe_Ratio": 0.7074413368030725,
        "Target1_Hit_Rate": 35.0,
        "Target2_Hit_Rate": 30.0
    },
    "5D_Stats": {
        "Count": 20,
        "Win_Rate": 45.0,
        "Avg_Return": 13.32117721971008,
        "Median_Return": -0.343054538277731,
        "Std_Dev": 21.407961717392542,
        "Max_Return": 63.23291697281411,
        "Min_Return": -8.29875518672199,
        "Sharpe_Ratio": 0.6222534118644052,
        "Target1_Hit_Rate": 35.0,
        "Target2_Hit_Rate": 30.0
    },
    "10D_Stats": {
        "Count": 20,
        "Win_Rate": 60.0,
        "Avg_Return": 14.171230166028048,
        "Median_Return": 2.779585056813311,
        "Std_Dev": 20.800545495219115,
        "Max_Return": 63.23291697281411,
        "Min_Return": -5.950207468879669,
        "Sharpe_Ratio": 0.6812912752353164,
        "Target1_Hit_Rate": 35.0,
        "Target2_Hit_Rate": 30.0
    },
    "20D_Stats": {
        "Count": 20,
        "Win_Rate": 45.0,
        "Avg_Return": 11.789070020240697,
        "Median_Return": -1.8896160787591816,
        "Std_Dev": 22.714307499179085,
        "Max_Return": 63.23291697281411,
        "Min_Return": -12.255597014925366,
        "Sharpe_Ratio": 0.5190151634896536,
        "Target1_Hit_Rate": 35.0,
        "Target2_Hit_Rate": 30.0
    },
    "Pattern_Stats": {
        "Higher_Probability_Bull_Reversal": {
            "Count": 20,
            "Avg_3D_Return": 14.468109518886774,
            "Win_Rate_3D": 65.0
        }
    },
    "Score_Stats": {
        "5/7": {
            "Count": 19,
            "Avg_3D_Return": 11.90154070552218,
            "Win_Rate_3D": 63.1578947368421
        },
        "6/7": {
            "Count": 1,
            "Avg_3D_Return": 63.23291697281411,
            "Win_Rate_3D": 100.0
        }
    },
    "Stop_Loss_Rate": 55.00000000000001,
    "Avg_Stop_Day": 1.1818181818181819
}