{
    "holding_period_analysis": {
        "1": {
            "avg_return": 12.11088367543682,
            "win_rate": 58.5,
            "sharpe": 0.5633475712154087,
            "max_return": 172.2476408350014,
            "min_return": -5.12592170412852,
            "positive_avg": 22.017926586336717,
            "negative_avg": -1.8544659700485746
        },
        "3": {
            "avg_return": 12.20657306024952,
            "win_rate": 62.0,
            "sharpe": 0.5691812951188441,
            "max_return": 172.2476408350014,
            "min_return": -6.828703703703701,
            "positive_avg": 20.93616975465405,
            "negative_avg": -2.0364531253578733
        },
        "5": {
            "avg_return": 10.062624642411981,
            "win_rate": 43.5,
            "sharpe": 0.43883259117154555,
            "max_return": 172.2476408350014,
            "min_return": -15.35066679458889,
            "positive_avg": 29.19708665429334,
            "negative_avg": -4.669217791514377
        },
        "10": {
            "avg_return": 11.272121664312035,
            "win_rate": 54.0,
            "sharpe": 0.5084366515038309,
            "max_return": 172.2476408350014,
            "min_return": -9.742011834319532,
            "positive_avg": 24.223405542338348,
            "negative_avg": -3.931559409892764
        },
        "20": {
            "avg_return": 9.860595549003483,
            "win_rate": 50.0,
            "sharpe": 0.4230117623677051,
            "max_return": 172.2476408350014,
            "min_return": -16.80457052797479,
            "positive_avg": 26.329425592376193,
            "negative_avg": -6.60823449436923
        }
    },
    "stop_loss_analysis": {
        "stop_rate": 57.99999999999999,
        "avg_loss_when_stopped": 21.357321422522872,
        "avg_return_when_not_stopped": -0.4301746781279637,
        "stop_day_distribution": {
            "0.0": 80,
            "5.0": 12,
            "1.0": 7,
            "7.0": 6,
            "6.0": 4,
            "17.0": 3,
            "4.0": 2,
            "19.0": 2
        }
    },
    "entry_analysis": {
        "avg_slippage": -1.2846971432947933,
        "positive_slippage_rate": 42.5,
        "slippage_impact_on_returns": -0.6836582490767381
    },
    "target_analysis": {
        "3D": {
            "target1_hit_rate": 28.499999999999996,
            "target2_hit_rate": 23.5
        },
        "5D": {
            "target1_hit_rate": 28.499999999999996,
            "target2_hit_rate": 23.5
        },
        "10D": {
            "target1_hit_rate": 28.499999999999996,
            "target2_hit_rate": 23.5
        }
    },
    "score_performance": {
        "mean": {
            "5/7": 13.921841488221105,
            "6/7": 9.983856184613282,
            "7/7": 3.200955365540114
        },
        "std": {
            "5/7": 22.549780272697706,
            "6/7": 19.26391985422723,
            "7/7": 14.614584694511395
        },
        "count": {
            "5/7": 137,
            "6/7": 49,
            "7/7": 14
        },
        "win_rate": {
            "5/7": 63.503649635036496,
            "6/7": 65.3061224489796,
            "7/7": 35.714285714285715
        }
    },
    "mfe_mae_analysis": {
        "3D": {
            "avg_max_gain": 3.354855310720442,
            "avg_max_loss": -2.833870603593598,
            "gain_to_loss_ratio": 1.1838420944365595
        },
        "5D": {
            "avg_max_gain": 3.564863525536776,
            "avg_max_loss": -6.060129179070941,
            "gain_to_loss_ratio": 0.5882487683345545
        },
        "10D": {
            "avg_max_gain": 5.08842333710127,
            "avg_max_loss": -7.956895140492892,
            "gain_to_loss_ratio": 0.6394986043244584
        }
    }
}