{
    "1D_Stats": {
        "Count": 200,
        "Win_Rate": 58.5,
        "Avg_Return": 12.110883675436824,
        "Median_Return": 0.29542359057464307,
        "Std_Dev": 21.498066725144277,
        "Max_Return": 172.24764083500145,
        "Min_Return": -5.12592170412852,
        "Sharpe_Ratio": 0.5633475712154087,
        "Target1_Hit_Rate": 28.499999999999996,
        "Target2_Hit_Rate": 23.5
    },
    "3D_Stats": {
        "Count": 200,
        "Win_Rate": 62.0,
        "Avg_Return": 12.20657306024952,
        "Median_Return": 1.3243170646308446,
        "Std_Dev": 21.44584364407269,
        "Max_Return": 172.24764083500145,
        "Min_Return": -6.828703703703701,
        "Sharpe_Ratio": 0.5691812951188439,
        "Target1_Hit_Rate": 28.499999999999996,
        "Target2_Hit_Rate": 23.5
    },
    "5D_Stats": {
        "Count": 200,
        "Win_Rate": 43.5,
        "Avg_Return": 10.062624642411981,
        "Median_Return": -0.6944444444444444,
        "Std_Dev": 22.930440548063956,
        "Max_Return": 172.24764083500145,
        "Min_Return": -15.350666794588891,
        "Sharpe_Ratio": 0.43883259117154555,
        "Target1_Hit_Rate": 28.499999999999996,
        "Target2_Hit_Rate": 23.5
    },
    "10D_Stats": {
        "Count": 200,
        "Win_Rate": 54.0,
        "Avg_Return": 11.272121664312035,
        "Median_Return": 2.0712172248599225,
        "Std_Dev": 22.17015950949222,
        "Max_Return": 172.24764083500145,
        "Min_Return": -9.742011834319532,
        "Sharpe_Ratio": 0.5084366515038308,
        "Target1_Hit_Rate": 28.499999999999996,
        "Target2_Hit_Rate": 23.5
    },
    "20D_Stats": {
        "Count": 200,
        "Win_Rate": 50.0,
        "Avg_Return": 9.860595549003483,
        "Median_Return": -0.19859891513219252,
        "Std_Dev": 23.310452394541482,
        "Max_Return": 172.24764083500145,
        "Min_Return": -16.804570527974786,
        "Sharpe_Ratio": 0.42301176236770505,
        "Target1_Hit_Rate": 28.499999999999996,
        "Target2_Hit_Rate": 23.5
    },
    "Pattern_Stats": {
        "Higher_Probability_Bull_Reversal": {
            "Count": 200,
            "Avg_3D_Return": 12.20657306024952,
            "Win_Rate_3D": 62.0
        }
    },
    "Score_Stats": {
        "5/7": {
            "Count": 137,
            "Avg_3D_Return": 13.921841488221109,
            "Win_Rate_3D": 63.503649635036496
        },
        "6/7": {
            "Count": 49,
            "Avg_3D_Return": 9.983856184613284,
            "Win_Rate_3D": 65.3061224489796
        },
        "7/7": {
            "Count": 14,
            "Avg_3D_Return": 3.2009553655401146,
            "Win_Rate_3D": 35.714285714285715
        }
    },
    "Stop_Loss_Rate": 57.99999999999999,
    "Avg_Stop_Day": 1.9827586206896552
}