{
  "total_predictions": 55,
  "correct_predictions": 50,
  "accuracy": 0.9090909090909091,
  "regime_accuracy": {
    "choppy_bearish": 1.0,
    "choppy_bullish": 0.0,
    "uptrend": 0.6,
    "strong_uptrend": 0.9787234042553191
  },
  "feature_importance": {
    "avg_long": 0.04704779578140039,
    "std_long": 0.017026271576308042,
    "avg_short": 0.033731150195000115,
    "std_short": 0.02362298310410295,
    "avg_ratio": 0.12866952399864606,
    "std_ratio": 0.044634151036549545,
    "current_ratio": 0.23247956622428362,
    "ratio_change": 0.026204490143780818,
    "ma3_long": 0.14391693013604168,
    "ma3_short": 0.12211519741594402,
    "long_trend": 0.00034843205574912914,
    "short_trend": 0.0,
    "long_3p_change": 0.052106306976339105,
    "short_3p_change": 0.014951021752828737,
    "momentum": 0.06158021596998624,
    "acceleration": 0.051565963633039474
  },
  "last_training": "2025-07-02T09:40:09.354983",
  "optimization_history": []
}