{
  "timestamp": "2025-06-24T17:13:20.796756",
  "mae_metrics": {
    "confidence_duration_mae": 0.2935461049284578,
    "market_score_mae": 0.0647129826808336,
    "volatility_score_mae": 0.011489584657734456,
    "trend_score_mae": 0.08647195733828246,
    "momentum_score_mae": 0.1690172526227439
  }
}