{
  "timestamp": "2025-07-10T06:02:03.466826",
  "total_stocks": 20,
  "sma_breadth": {
    "above_sma20": 11,
    "below_sma20": 9,
    "above_sma50": 14,
    "below_sma50": 6,
    "sma20_percent": 55.00000000000001,
    "sma50_percent": 70.0
  },
  "rsi_distribution": {
    "overbought": 7,
    "neutral": 11,
    "oversold": 2,
    "avg_rsi": 61.89299167256756
  },
  "volume_analysis": {
    "high_volume": 2,
    "normal_volume": 13,
    "low_volume": 5,
    "avg_volume_ratio": 1.0986208629165992
  },
  "momentum_indicators": {
    "positive_5d": 7,
    "negative_5d": 13,
    "positive_10d": 11,
    "negative_10d": 9,
    "avg_momentum_5d": 0.37306805921972325,
    "avg_momentum_10d": 1.685714092668785
  },
  "market_score": 1.0474999999999999,
  "market_regime": "Uptrend",
  "sector_performance": {
    "Basic Materials": {
      "above_sma20": 0.0,
      "above_sma50": 0.0,
      "rsi": 29.017857142857167,
      "momentum_5d": -3.127073656270718,
      "momentum_10d": -6.155082362394526
    },
    "Communication Services": {
      "above_sma20": 0.0,
      "above_sma50": 1.0,
      "rsi": 61.135057471264346,
      "momentum_5d": -4.276432368576499,
      "momentum_10d": -2.4909747292418793
    },
    "Consumer Cyclical": {
      "above_sma20": 0.25,
      "above_sma50": 0.5,
      "rsi": 43.77679134136926,
      "momentum_5d": 0.5772981553916978,
      "momentum_10d": -1.2488523563895126
    },
    "Consumer Defensive": {
      "above_sma20": 1.0,
      "above_sma50": 1.0,
      "rsi": 87.28923476005187,
      "momentum_5d": 4.073394495412841,
      "momentum_10d": 16.563912864776007
    },
    "Energy": {
      "above_sma20": 1.0,
      "above_sma50": 1.0,
      "rsi": 73.81231671554251,
      "momentum_5d": -1.7945403391377068,
      "momentum_10d": 2.2079772079772075
    },
    "Financial Services": {
      "above_sma20": 0.0,
      "above_sma50": 1.0,
      "rsi": 54.30576802384875,
      "momentum_5d": -2.4590548477191385,
      "momentum_10d": -2.356787779893743
    },
    "Healthcare": {
      "above_sma20": 1.0,
      "above_sma50": 0.75,
      "rsi": 79.70056346882461,
      "momentum_5d": 1.4026527168990832,
      "momentum_10d": 7.0118841471499715
    },
    "Industrials": {
      "above_sma20": 0.6666666666666666,
      "above_sma50": 0.6666666666666666,
      "rsi": 64.01406867886038,
      "momentum_5d": 1.5973865432069505,
      "momentum_10d": 0.8749828781674239
    }
  },
  "stocks": [
    {
      "ticker": "INDUSTOWER",
      "sector": "Communication Services",
      "current_price": 405.15,
      "sma20": 406.36499999999995,
      "sma50": 395.62700000000007,
      "above_sma20": false,
      "above_sma50": true,
      "sma20_distance": -0.2989922852607816,
      "sma50_distance": 2.4070652407444157,
      "rsi": 61.135057471264346,
      "volume_ratio": 0.810261124094191,
      "momentum_5d": -4.276432368576499,
      "momentum_10d": -2.4909747292418793,
      "timestamp": "2025-07-10T06:01:55.191489"
    },
    {
      "ticker": "COSMOFIRST",
      "sector": "Consumer Cyclical",
      "current_price": 1185.2,
      "sma20": 1189.625,
      "sma50": 995.085,
      "above_sma20": false,
      "above_sma50": true,
      "sma20_distance": -0.3719659556582919,
      "sma50_distance": 19.10540305602034,
      "rsi": 43.702843876958816,
      "volume_ratio": 0.8845602154390373,
      "momentum_5d": 1.1349091219387208,
      "momentum_10d": 2.428485005617498,
      "timestamp": "2025-07-10T06:01:55.606025"
    },
    {
      "ticker": "VINDHYATEL",
      "sector": "Industrials",
      "current_price": 1700.0,
      "sma20": 1710.4150000000002,
      "sma50": 1608.95,
      "above_sma20": false,
      "above_sma50": true,
      "sma20_distance": -0.6089165494923857,
      "sma50_distance": 5.65897013580285,
      "rsi": 50.11441647597244,
      "volume_ratio": 0.5840727766007286,
      "momentum_5d": -0.14097744360902498,
      "momentum_10d": -0.5382635150947834,
      "timestamp": "2025-07-10T06:01:56.020384"
    },
    {
      "ticker": "JYOTISTRUC",
      "sector": "Industrials",
      "current_price": 19.69,
      "sma20": 18.525,
      "sma50": 18.989199999999997,
      "above_sma20": true,
      "above_sma50": true,
      "sma20_distance": 6.288798920377883,
      "sma50_distance": 3.6905188212247206,
      "rsi": 61.96721311475409,
      "volume_ratio": 7.588867653747197,
      "momentum_5d": 11.684628474191738,
      "momentum_10d": 3.4682080924855585,
      "timestamp": "2025-07-10T06:01:56.436350"
    },
    {
      "ticker": "PATELENG",
      "sector": "Industrials",
      "current_price": 40.23,
      "sma20": 40.937,
      "sma50": 41.819399999999995,
      "above_sma20": false,
      "above_sma50": false,
      "sma20_distance": -1.727043994430468,
      "sma50_distance": -3.8006284164765582,
      "rsi": 56.81063122923581,
      "volume_ratio": 0.5517580178151624,
      "momentum_5d": -1.3728855111546978,
      "momentum_10d": -2.378063576801759,
      "timestamp": "2025-07-10T06:01:56.855667"
    },
    {
      "ticker": "ADANIENT",
      "sector": "Energy",
      "current_price": 2583.0,
      "sma20": 2549.08,
      "sma50": 2504.1479999999997,
      "above_sma20": true,
      "above_sma50": true,
      "sma20_distance": 1.3306761655185428,
      "sma50_distance": 3.1488554190886613,
      "rsi": 73.81231671554251,
      "volume_ratio": 0.39985917074459115,
      "momentum_5d": -1.7945403391377068,
      "momentum_10d": 2.2079772079772075,
      "timestamp": "2025-07-10T06:01:57.265689"
    },
    {
      "ticker": "POLYPLEX",
      "sector": "Basic Materials",
      "current_price": 1167.9,
      "sma20": 1222.29,
      "sma50": 1262.0919999999999,
      "above_sma20": false,
      "above_sma50": false,
      "sma20_distance": -4.449844145006494,
      "sma50_distance": -7.463164333503404,
      "rsi": 29.017857142857167,
      "volume_ratio": 0.4837499923775685,
      "momentum_5d": -3.127073656270718,
      "momentum_10d": -6.155082362394526,
      "timestamp": "2025-07-10T06:01:57.678452"
    },
    {
      "ticker": "JAGSNPHARM",
      "sector": "Healthcare",
      "current_price": 230.34,
      "sma20": 224.95100000000002,
      "sma50": 225.08599999999998,
      "above_sma20": true,
      "above_sma50": true,
      "sma20_distance": 2.3956328267044738,
      "sma50_distance": 2.3342189207680706,
      "rsi": 78.43347639484979,
      "volume_ratio": 0.4721618748624752,
      "momentum_5d": 0.3397804495556711,
      "momentum_10d": 4.358463211308439,
      "timestamp": "2025-07-10T06:01:58.098264"
    },
    {
      "ticker": "LICI",
      "sector": "Financial Services",
      "current_price": 946.0,
      "sma20": 947.725,
      "sma50": 903.38,
      "above_sma20": false,
      "above_sma50": true,
      "sma20_distance": -0.18201482497560184,
      "sma50_distance": 4.7178374548916295,
      "rsi": 60.77380952380955,
      "volume_ratio": 0.5204308880338873,
      "momentum_5d": -1.2526096033402934,
      "momentum_10d": -0.5362212175375913,
      "timestamp": "2025-07-10T06:01:58.512473"
    },
    {
      "ticker": "MANAPPURAM",
      "sector": "Financial Services",
      "current_price": 261.5,
      "sma20": 272.04900000000004,
      "sma50": 249.97619999999998,
      "above_sma20": false,
      "above_sma50": true,
      "sma20_distance": -3.877610283441598,
      "sma50_distance": 4.609958868084251,
      "rsi": 47.83772652388795,
      "volume_ratio": 0.5727026373153734,
      "momentum_5d": -3.665500092097984,
      "momentum_10d": -4.177354342249895,
      "timestamp": "2025-07-10T06:01:58.930682"
    },
    {
      "ticker": "MOTISONS",
      "sector": "Consumer Cyclical",
      "current_price": 22.69,
      "sma20": 21.0645,
      "sma50": 18.854400000000002,
      "above_sma20": true,
      "above_sma50": true,
      "sma20_distance": 7.7167746682807685,
      "sma50_distance": 20.343262050237605,
      "rsi": 70.21943573667716,
      "volume_ratio": 1.2057934781210726,