{"market_score": 0.08408496625534942, "trend_score": 0.1519710530278736, "momentum_composite": 0.09581209915825804, "volatility_score": 0.12946432501561703, "breadth_score": 0.07563344824041285, "rsi": 0.06564968440687688, "macd": 0.03285037210534936, "atr_percent": 0.03964334380105712, "volume_ratio": 0.044102156929824665, "price_to_sma_50": 0.03038438824946027, "price_to_sma_200": 0.005445583673189159, "higher_highs": 0.014900039963538165, "lower_lows": 0.014355758313951125, "advance_decline_ratio": 0.1056803020582707, "bullish_percent": 0.11002247880097168}